frame,timestamp,mean_magnitude_px_frame,mean_signal
557,2025-12-04 17:50:28.271874,0.9356198,94.84127487872331
558,2025-12-04 17:50:28.562627,0.888458,94.66754318356985
559,2025-12-04 17:50:28.725248,0.9696587,94.57142857142857
560,2025-12-04 17:50:28.738775,0.8586888,94.65988121684725
561,2025-12-04 17:50:28.776990,1.0001067,94.80359976424718
562,2025-12-04 17:50:28.805468,0.9868779,94.89046561182391
563,2025-12-04 17:50:29.106315,0.86171615,94.82146257423948
564,2025-12-04 17:50:29.121831,1.1783069,94.68159767874144
565,2025-12-04 17:50:29.158188,0.97251,94.73437004125674
566,2025-12-04 17:50:29.189028,0.9219238,94.70535430928956
567,2025-12-04 17:50:29.483762,1.0118297,94.7185927369996
568,2025-12-04 17:50:29.493552,1.0052966,94.52713424309744
569,2025-12-04 17:50:29.538246,0.87075436,94.49816384821145
570,2025-12-04 17:50:29.564224,1.0264347,94.6477762161672
571,2025-12-04 17:50:29.849804,1.309826,94.81624880990162
572,2025-12-04 17:50:29.863902,0.87113607,94.71260824228136
573,2025-12-04 17:50:29.895259,0.82561535,94.73772498526544
574,2025-12-04 17:50:29.931090,0.9658973,94.74361880582128
575,2025-12-04 17:50:30.225806,0.99433225,94.96545314412658
576,2025-12-04 17:50:30.240990,0.9264253,94.96654123407535
577,2025-12-04 17:50:30.276802,0.9168309,94.90234392709797
578,2025-12-04 17:50:30.306753,0.91221607,94.76510858230947
579,2025-12-04 17:50:30.594681,0.8803889,94.74185065965453
580,2025-12-04 17:50:30.607442,0.9371639,94.73659155823547
581,2025-12-04 17:50:30.644852,0.83640045,96.00321893276511
582,2025-12-04 17:50:30.675693,1.0071027,95.10957972525729
583,2025-12-04 17:50:30.969386,1.0497679,94.53833250215351
584,2025-12-04 17:50:30.982072,1.0621127,94.63947953030784
585,2025-12-04 17:50:31.021074,1.1121244,94.5810400326427
586,2025-12-04 17:50:31.046911,1.07176,94.70875459037947
587,2025-12-04 17:50:31.341548,0.8316954,94.54146076075622
588,2025-12-04 17:50:31.355125,0.89594555,94.6795121730063
589,2025-12-04 17:50:31.388363,0.92876244,94.74366414290247
590,2025-12-04 17:50:31.422327,1.0491223,94.8306660017228
591,2025-12-04 17:50:31.714613,1.0789924,94.8134832479485
592,2025-12-04 17:50:31.728890,1.0043613,94.570159133155
593,2025-12-04 17:50:31.767449,0.9846883,94.58693385319853
594,2025-12-04 17:50:31.793430,1.0120115,94.53493222106361
595,2025-12-04 17:50:32.090736,0.9498934,94.61998458539239
596,2025-12-04 17:50:32.104738,0.97480536,94.6407489685814
597,2025-12-04 17:50:32.146605,1.1144873,94.74565897447522
598,2025-12-04 17:50:32.176133,0.96394587,94.78673437004126
599,2025-12-04 17:50:32.458378,0.9389241,94.64183705853017
600,2025-12-04 17:50:32.474653,1.0088677,94.54386362605976
601,2025-12-04 17:50:32.512167,0.9875964,94.57854649317677
602,2025-12-04 17:50:32.542463,1.0023828,94.65258194677426
603,2025-12-04 17:50:32.836785,0.9685026,94.75159813211225
604,2025-12-04 17:50:32.849018,1.0196723,95.21675658521104
605,2025-12-04 17:50:32.888246,0.96605015,95.22414652944643
606,2025-12-04 17:50:32.916136,0.86089045,95.2960058031464
607,2025-12-04 17:50:33.215685,1.0107418,95.21353765244594
608,2025-12-04 17:50:33.230162,1.1045679,95.3343609738405
609,2025-12-04 17:50:33.265279,0.94338655,95.29532574692841
610,2025-12-04 17:50:33.297294,0.8801273,95.08967674661105
611,2025-12-04 17:50:33.585428,0.91519487,95.00725393299179
612,2025-12-04 17:50:33.598041,1.0009686,95.0598449471823
613,2025-12-04 17:50:33.637428,0.96006256,95.09398376932494
614,2025-12-04 17:50:33.666081,0.95707744,95.20864124767647
615,2025-12-04 17:50:33.969323,1.1874062,95.15994922246905
616,2025-12-04 17:50:33.981343,1.5801446,95.09656798295326
617,2025-12-04 17:50:34.018508,1.4584097,95.04900938477581
618,2025-12-04 17:50:34.051459,1.2605549,95.1514258512037
619,2025-12-04 17:50:34.340577,1.0409003,95.12490365870245
620,2025-12-04 17:50:34.375749,0.7643121,96.56041166069728
621,2025-12-04 17:50:34.408108,0.9791701,95.58684317903614
622,2025-12-04 17:50:34.631255,0.9462226,95.1903704039534
623,2025-12-04 17:50:34.649550,0.91230327,95.10277916307749
624,2025-12-04 17:50:34.692695,0.90468395,95.14584939021626
625,2025-12-04 17:50:34.717349,0.8774161,94.91648909643197
626,2025-12-04 17:50:35.007959,1.0023954,94.83030330507322
627,2025-12-04 17:50:35.022889,0.9388231,95.00090674162398
628,2025-12-04 17:50:35.058617,0.92577595,95.13524051321576
629,2025-12-04 17:50:35.088185,0.88909715,94.96019404270753
630,2025-12-04 17:50:35.390771,0.8904116,94.96672258240015
631,2025-12-04 17:50:35.414017,0.96313477,95.07593961100784
632,2025-12-04 17:50:35.450006,0.95568866,95.14521467107947
633,2025-12-04 17:50:35.697764,0.9035126,95.02919708029196
634,2025-12-04 17:50:35.711869,0.89954984,95.00852337126535
635,2025-12-04 17:50:35.748554,0.9853312,94.92551117559051
636,2025-12-04 17:50:35.777392,0.9685332,95.05671668857958
637,2025-12-04 17:50:36.082352,1.0268991,95.12209275966813
638,2025-12-04 17:50:36.096099,0.8192917,94.94518746883075
639,2025-12-04 17:50:36.131463,0.82333505,94.9969624155597
640,2025-12-04 17:50:36.383741,0.88950443,95.06088770004988
641,2025-12-04 17:50:36.416704,0.96235275,95.17314231309788
642,2025-12-04 17:50:36.447199,0.89462495,95.15410073899443
643,2025-12-04 17:50:36.692577,0.93115634,94.94142449109127
644,2025-12-04 17:50:36.708418,1.0852628,94.15060978374213
645,2025-12-04 17:50:36.760803,0.97679377,93.845083193544
646,2025-12-04 17:50:37.004218,1.0191365,93.86747971165616
647,2025-12-04 17:50:37.018035,1.4947335,93.67738133018996
648,2025-12-04 17:50:37.056200,0.94706,93.93439724350546
649,2025-12-04 17:50:37.083412,1.0923327,93.94441673845039
650,2025-12-04 17:50:37.385551,1.0376993,93.75250487373623
651,2025-12-04 17:50:37.398017,0.937549,93.98431336990525
652,2025-12-04 17:50:37.437776,0.88958585,93.95847123362198
653,2025-12-04 17:50:37.467000,0.95419234,93.73913043478261
654,2025-12-04 17:50:37.755250,1.1455247,93.73826903023983
655,2025-12-04 17:50:37.766787,0.9359351,93.77394931314322
656,2025-12-04 17:50:37.805620,0.92409086,93.74008251348778
657,2025-12-04 17:50:37.835799,0.91419923,93.96014870562634
658,2025-12-04 17:50:38.129855,0.95944047,94.03500022668541
659,2025-12-04 17:50:38.143618,0.8485142,93.91689713016277
660,2025-12-04 17:50:38.179580,0.9323109,93.82490819241058
661,2025-12-04 17:50:38.211709,1.078777,93.72398784966224
662,2025-12-04 17:50:38.510877,0.9955075,93.65820374484291
663,2025-12-04 17:50:38.522723,1.0647722,93.76850886339938
664,2025-12-04 17:50:38.565816,0.88314456,93.93648274924061
665,2025-12-04 17:50:38.593587,0.8295611,93.81520605703405
666,2025-12-04 17:50:38.883555,0.9225358,93.8347010019495
667,2025-12-04 17:50:38.896773,0.92785066,94.03672303577096
668,2025-12-04 17:50:38.938185,0.9863093,93.96178084054948
669,2025-12-04 17:50:38.966131,0.92065114,93.9366640975654
670,2025-12-04 17:50:39.254659,0.8220851,93.91463027610283
671,2025-12-04 17:50:39.267562,0.9194131,93.98830303305073
672,2025-12-04 17:50:39.305536,0.9658346,93.89019358933672
673,2025-12-04 17:50:39.333813,0.88141936,93.85419594686493
674,2025-12-04 17:50:39.625390,1.0158929,93.78374212268214
675,2025-12-04 17:50:39.640004,0.961034,93.90714965770503
676,2025-12-04 17:50:39.676504,0.78899926,95.31949041120733
677,2025-12-04 17:50:39.706538,1.1203188,94.29015731967176
678,2025-12-04 17:50:39.998124,0.99626255,93.95878859319038
679,2025-12-04 17:50:40.011084,0.8966879,94.1094437140137
680,2025-12-04 17:50:40.050834,0.9002045,94.20995602303124
681,2025-12-04 17:50:40.080272,0.9046037,94.01808949539829
682,2025-12-04 17:50:40.372156,0.9895657,94.00049870789319
683,2025-12-04 17:50:40.389070,1.0084813,93.92038808541506
684,2025-12-04 17:50:40.425343,1.0313911,94.00938477580813
685,2025-12-04 17:50:40.453046,1.0322355,94.134152423267
686,2025-12-04 17:50:40.802023,1.1245431,94.25017001405449
687,2025-12-04 17:50:40.817404,0.96088296,94.14326517658793
688,2025-12-04 17:50:40.854079,0.9917181,94.0525003400281
689,2025-12-04 17:50:40.882434,1.0835922,94.01858820329147
690,2025-12-04 17:50:41.177142,0.9070151,94.22219703495489
691,2025-12-04 17:50:41.195063,0.9037228,94.15287663780205
692,2025-12-04 17:50:41.228388,0.92544025,94.05073219386136
693,2025-12-04 17:50:41.258856,0.9310362,94.04873736228862
694,2025-12-04 17:50:41.554844,1.0188842,94.19680826948361
695,2025-12-04 17:50:41.566557,1.035871,94.18071360565807
696,2025-12-04 17:50:41.605157,0.96975344,94.27868703812848
697,2025-12-04 17:50:41.634121,0.9614029,94.20165933717188
698,2025-12-04 17:50:41.925280,0.9670087,94.14607607562225
699,2025-12-04 17:50:41.938219,0.980852,94.08500702724758
700,2025-12-04 17:50:41.976622,0.9737706,93.94078977195448
701,2025-12-04 17:50:42.006824,0.8229123,93.9399737044929
702,2025-12-04 17:50:42.306026,1.0119458,94.07312871197352
703,2025-12-04 17:50:42.320438,0.8008607,94.1515618624473
704,2025-12-04 17:50:42.351025,0.9249301,94.04143809221563
705,2025-12-04 17:50:42.387577,0.87634385,94.12925601849753
706,2025-12-04 17:50:42.699703,1.0066535,94.15355669402004
707,2025-12-04 17:50:42.714519,0.99784315,94.1302534342839
708,2025-12-04 17:50:42.752149,1.2044383,94.09833612912001
709,2025-12-04 17:50:42.782856,0.951057,94.01532393344516
710,2025-12-04 17:50:43.079915,0.8476016,94.02584213628326
711,2025-12-04 17:50:43.094427,1.0537839,94.22410119236524
712,2025-12-04 17:50:43.130839,0.93463,94.15940517749468
713,2025-12-04 17:50:43.162910,0.8411364,94.21222287709118
714,2025-12-04 17:50:43.453928,0.9128501,94.53864986172191
715,2025-12-04 17:50:43.467545,0.88886166,94.33023529945142
716,2025-12-04 17:50:43.507277,0.9636133,94.105408713787
717,2025-12-04 17:50:43.757738,1.1305301,94.05766876728477
718,2025-12-04 17:50:43.775860,0.92150503,94.0390805639933
719,2025-12-04 17:50:43.808534,0.9426054,94.06070635172507
720,2025-12-04 17:50:43.842470,1.037734,94.05100421634855
721,2025-12-04 17:50:44.139834,1.0345181,94.06764292514848
722,2025-12-04 17:50:44.152221,0.95847833,94.14924967130617
723,2025-12-04 17:50:44.190579,0.9622086,94.1305254567711
724,2025-12-04 17:50:44.221200,0.9006725,94.18733281951307
725,2025-12-04 17:50:44.508541,0.93997586,94.19118647141497
726,2025-12-04 17:50:44.522795,0.9721645,94.1550074806184
727,2025-12-04 17:50:44.562286,0.9989641,94.25542911547355
728,2025-12-04 17:50:44.589000,0.92079717,94.0068005621798
729,2025-12-04 17:50:44.881144,0.96839607,94.03300539511267
730,2025-12-04 17:50:44.893522,0.90460813,94.18937298816702
731,2025-12-04 17:50:44.932259,0.9154782,94.32973659155823
732,2025-12-04 17:50:44.961199,0.79728854,94.10024028653035
733,2025-12-04 17:50:45.254321,0.76094556,94.16470961599492
734,2025-12-04 17:50:45.268990,0.7137342,94.07099786915718
735,2025-12-04 17:50:45.306755,0.75455266,94.09022079158544
736,2025-12-04 17:50:45.334343,0.96094584,94.0283810128304
737,2025-12-04 17:50:45.627522,0.8554162,93.93920297411253
738,2025-12-04 17:50:45.643827,0.831602,94.15858911003309
739,2025-12-04 17:50:45.678529,1.0006477,94.27773495942331
740,2025-12-04 17:50:45.708648,0.90909314,94.29700321893276
741,2025-12-04 17:50:45.996564,0.94751185,94.21258557374077
742,2025-12-04 17:50:46.009650,1.0498443,94.28798113977422
743,2025-12-04 17:50:46.046732,0.9807661,94.31772226504057
744,2025-12-04 17:50:46.078122,1.0665919,94.26576596998686
745,2025-12-04 17:50:46.377131,1.0935093,94.03617899079657
746,2025-12-04 17:50:46.396339,0.882677,94.12789590606157
747,2025-12-04 17:50:46.426758,0.9033082,94.00743528131659
748,2025-12-04 17:50:46.458724,0.9338424,94.01237702316725
749,2025-12-04 17:50:46.750087,0.9844321,94.07126989164438
750,2025-12-04 17:50:46.766169,1.159356,94.15224191866528
751,2025-12-04 17:50:46.802159,1.1683269,94.29364827492407
752,2025-12-04 17:50:46.832552,0.9157482,94.20991068595004
753,2025-12-04 17:50:47.119211,0.87023413,94.13977422133563
754,2025-12-04 17:50:47.133264,1.0420853,94.09606927506007
755,2025-12-04 17:50:47.169235,1.1014566,94.15514349186199
756,2025-12-04 17:50:47.199842,0.9645636,94.0704538241828
757,2025-12-04 17:50:47.503883,0.93277943,94.03939792356168
758,2025-12-04 17:50:47.517654,1.1300716,94.10128303939793
759,2025-12-04 17:50:47.568894,0.93884295,94.12590107448882
760,2025-12-04 17:50:47.811516,1.0682428,94.04334224962597
761,2025-12-04 17:50:47.825593,0.966601,94.0315546085143
762,2025-12-04 17:50:47.862342,0.9732122,94.15963186290067
763,2025-12-04 17:50:47.893077,0.7584004,94.40594822505327
764,2025-12-04 17:50:48.199592,0.93794006,94.29809130888154
765,2025-12-04 17:50:48.213681,1.0505615,94.28979462302217
766,2025-12-04 17:50:48.250831,0.9068431,94.2397424853788
767,2025-12-04 17:50:48.280292,1.0839115,94.17491045926464
768,2025-12-04 17:50:48.568809,1.0082494,94.1126173096976
769,2025-12-04 17:50:48.583515,1.050237,93.96903477354128
770,2025-12-04 17:50:48.621229,0.9842197,94.17758534705536
771,2025-12-04 17:50:48.648886,0.9517045,94.23480074352813
772,2025-12-04 17:50:48.940125,0.8964109,94.16362152604616
773,2025-12-04 17:50:48.952007,0.9782343,94.10831028698372
774,2025-12-04 17:50:48.991194,0.9434841,94.1302080972027
775,2025-12-04 17:50:49.022388,1.0205392,94.05027882304937
776,2025-12-04 17:50:49.323755,0.8709878,94.28294872376117
777,2025-12-04 17:50:49.336021,1.0186896,94.29101872421454
778,2025-12-04 17:50:49.374404,0.86472785,94.32701636668631
779,2025-12-04 17:50:49.405111,0.8577351,94.06093303713106
780,2025-12-04 17:50:49.694320,0.8709556,94.02566078795847
781,2025-12-04 17:50:49.707261,0.871385,93.93702679421499
782,2025-12-04 17:50:49.744538,0.84276885,94.20297411252663
783,2025-12-04 17:50:49.774620,1.0233647,94.18901029151743
784,2025-12-04 17:50:50.068589,0.89791703,94.17754000997415
785,2025-12-04 17:50:50.080560,1.1779443,94.19390669628689
786,2025-12-04 17:50:50.119820,1.1847001,94.25978147526862
787,2025-12-04 17:50:50.150119,0.924835,94.11760438862946
788,2025-12-04 17:50:50.446285,0.8993016,94.0031735956839
789,2025-12-04 17:50:50.456940,1.0442734,94.01917758534705
790,2025-12-04 17:50:50.496790,1.250196,94.38622659473184
791,2025-12-04 17:50:50.528847,1.2855575,94.48528811715101
792,2025-12-04 17:50:50.838682,1.2611296,94.63354037267081
793,2025-12-04 17:50:50.855128,1.0290473,94.85786825044204
794,2025-12-04 17:50:50.890440,1.0339098,95.4647050822868
795,2025-12-04 17:50:50.924625,1.3736118,95.79806864034093
796,2025-12-04 17:50:51.223172,1.1537579,95.70562633177676
797,2025-12-04 17:50:51.238494,1.2339922,95.84961690166386
798,2025-12-04 17:50:51.277195,1.3185939,96.07680101555061
799,2025-12-04 17:50:51.307041,1.3127645,96.02597814752686
800,2025-12-04 17:50:51.619945,1.3874491,95.96282359341706
801,2025-12-04 17:50:51.634064,1.2258617,95.87142403772044
802,2025-12-04 17:50:51.671445,1.1096805,95.57519154916807
803,2025-12-04 17:50:51.700043,1.0610783,95.21630321439906
804,2025-12-04 17:50:51.996796,0.9959473,94.91494763567121
805,2025-12-04 17:50:52.008347,1.1176199,94.15414607607562
806,2025-12-04 17:50:52.046983,1.0864803,93.93874960330054
807,2025-12-04 17:50:52.076592,1.0960753,93.99519426939294
808,2025-12-04 17:50:52.375835,1.2504194,93.95112662646778
809,2025-12-04 17:50:52.388022,0.9791843,93.8169288661196
810,2025-12-04 17:50:52.427701,1.09773,93.89957836514485
811,2025-12-04 17:50:52.458513,1.0020491,93.8522464523734
812,2025-12-04 17:50:52.750854,1.057256,93.80210364056762
813,2025-12-04 17:50:52.764107,0.97721344,93.90406673618352
814,2025-12-04 17:50:52.802514,1.107516,94.11288933218479
815,2025-12-04 17:50:52.832283,1.031245,94.0597542730199
816,2025-12-04 17:50:53.126088,1.0475104,93.90193589336718
817,2025-12-04 17:50:53.141073,1.0773481,94.00417101147028
818,2025-12-04 17:50:53.177415,1.2316962,94.08654848800835
819,2025-12-04 17:50:53.208394,1.02125,94.24223602484471
820,2025-12-04 17:50:53.499989,0.88652396,94.3871333363558
821,2025-12-04 17:50:53.517748,0.968006,94.13193090628825
822,2025-12-04 17:50:53.563966,1.0664357,93.98376932493086
823,2025-12-04 17:50:53.798812,1.0892081,94.03237067597588
824,2025-12-04 17:50:53.812634,0.9982628,94.03767511447613
825,2025-12-04 17:50:53.848242,0.9628128,94.06288253162262
826,2025-12-04 17:50:53.878550,0.94347775,93.98168381919572
827,2025-12-04 17:50:54.181024,0.8002324,93.76538060479666
828,2025-12-04 17:50:54.192867,0.903457,93.61078115790906
829,2025-12-04 17:50:54.232349,1.074412,93.72058756857234
830,2025-12-04 17:50:54.263281,1.0756412,93.84530987894999
831,2025-12-04 17:50:54.556800,0.9105282,93.86045246407036
832,2025-12-04 17:50:54.571082,0.9446746,93.8168835290384
833,2025-12-04 17:50:54.607052,1.069883,94.00453370811987
834,2025-12-04 17:50:54.639990,0.95500815,94.08940472412387
835,2025-12-04 17:50:54.941917,0.8924676,93.96640522283175
836,2025-12-04 17:50:54.958386,0.8634442,94.08523371265358
837,2025-12-04 17:50:54.992438,0.98837036,94.13673663689532
838,2025-12-04 17:50:55.021545,0.99202794,93.96908011062247
839,2025-12-04 17:50:55.327367,0.9096153,94.17749467289296
840,2025-12-04 17:50:55.336328,0.8893134,93.93203971528312
841,2025-12-04 17:50:55.377339,1.1373792,93.72648138912817
842,2025-12-04 17:50:55.637827,0.8029315,93.74792582853516
843,2025-12-04 17:50:55.655522,0.87120426,93.74466155868885
844,2025-12-04 17:50:55.689597,0.8446162,93.97180033549441
845,2025-12-04 17:50:55.718563,0.9084101,93.94051774946729
846,2025-12-04 17:50:56.023539,1.0753336,93.97751280772543
847,2025-12-04 17:50:56.040631,1.0588468,94.04887337353222
848,2025-12-04 17:50:56.079661,1.0868323,94.08201477988847
849,2025-12-04 17:50:56.109573,0.93842995,94.05594595819922
850,2025-12-04 17:50:56.389824,0.85951924,93.95570567166885
851,2025-12-04 17:50:56.404446,0.89841014,93.91526499523961
852,2025-12-04 17:50:56.439842,1.0875134,93.81638482114522
853,2025-12-04 17:50:56.475999,0.8417477,93.78895588702
854,2025-12-04 17:50:56.768666,0.88903075,93.81461667497847
855,2025-12-04 17:50:56.782740,0.9360067,93.93163168155235
856,2025-12-04 17:50:56.819466,1.0737617,94.04665185655348
857,2025-12-04 17:50:56.849512,0.8683186,94.1691526499524
858,2025-12-04 17:50:57.150414,0.87671584,94.39520333680917
859,2025-12-04 17:50:57.164762,0.9356163,94.36346737997007
860,2025-12-04 17:50:57.200546,1.1329738,94.26209366640975
861,2025-12-04 17:50:57.231793,1.2498746,94.27732692569252
862,2025-12-04 17:50:57.541686,1.1441422,94.14444394069909
863,2025-12-04 17:50:57.553925,0.9594233,94.04733191277145
864,2025-12-04 17:50:57.592225,0.9515884,94.07031781293921
865,2025-12-04 17:50:57.622461,0.91146374,94.03962460896767
866,2025-12-04 17:50:57.908984,0.9515915,94.00281089903432
867,2025-12-04 17:50:57.923203,0.98553705,94.1796708527905
868,2025-12-04 17:50:57.959776,0.8750108,94.23520877725892
869,2025-12-04 17:50:57.989255,0.92513573,93.9894364600807
870,2025-12-04 17:50:58.286045,0.8780175,94.07462483565308
871,2025-12-04 17:50:58.300219,1.1028286,94.01577730425716
872,2025-12-04 17:50:58.343097,0.90188205,94.0985174774448
873,2025-12-04 17:50:58.368247,1.0412045,94.04520106995511
874,2025-12-04 17:50:58.674843,1.0224445,94.16869927914041
875,2025-12-04 17:50:58.687510,0.9307974,94.31599945595502
876,2025-12-04 17:50:58.723870,0.9771303,94.48111710568074
877,2025-12-04 17:50:58.756882,1.1240258,94.4685133971075
878,2025-12-04 17:50:59.065587,1.0387841,94.5212404225416
879,2025-12-04 17:50:59.077515,0.9853276,94.36541687446162
880,2025-12-04 17:50:59.110481,0.92480546,94.4083510903568
881,2025-12-04 17:50:59.142605,0.85450155,94.40227592147617
882,2025-12-04 17:50:59.447147,0.85729903,94.479122274108
883,2025-12-04 17:50:59.459081,0.91923714,94.40526816883529
884,2025-12-04 17:50:59.497932,0.91338307,94.36451013283765
885,2025-12-04 17:50:59.528520,0.8358781,94.2429160810627
886,2025-12-04 17:50:59.837700,0.92077667,94.02425533844131
887,2025-12-04 17:50:59.851533,0.9482607,93.94033640114249
888,2025-12-04 17:50:59.888955,0.8785981,93.87119735231445
889,2025-12-04 17:50:59.917919,0.8135925,94.0387178673437
890,2025-12-04 17:51:00.220828,0.8562178,94.11184657931723
891,2025-12-04 17:51:00.233860,1.4471511,94.0347735412794
892,2025-12-04 17:51:00.272178,1.1715772,94.03123724894591
893,2025-12-04 17:51:00.302691,1.158309,94.13174955796346
894,2025-12-04 17:51:00.588702,1.1102804,93.88701999365281
895,2025-12-04 17:51:00.604204,0.99352247,93.71061341070862
896,2025-12-04 17:51:00.641239,0.88531685,93.89146302761029
897,2025-12-04 17:51:00.674502,0.8860182,94.0878179262819
898,2025-12-04 17:51:00.964270,1.0532113,94.10051230901755
899,2025-12-04 17:51:00.976958,1.0760343,94.25619984585393
900,2025-12-04 17:51:01.014643,1.0138519,94.45989935167974
901,2025-12-04 17:51:01.044100,0.8302238,94.52178446751599
902,2025-12-04 17:51:01.336634,0.98464394,94.55510722219704
903,2025-12-04 17:51:01.349385,1.0721242,94.6124132928322
904,2025-12-04 17:51:01.389676,1.0665903,95.08011062247813
905,2025-12-04 17:51:01.415056,0.9833983,95.43432923788366
906,2025-12-04 17:51:01.713062,0.9267707,95.37412159405177
907,2025-12-04 17:51:01.726251,1.2312838,95.18483928004716
908,2025-12-04 17:51:01.764285,1.2605389,95.28770911728702
909,2025-12-04 17:51:01.791614,1.1373457,95.14575871605386
910,2025-12-04 17:51:02.087332,1.119573,95.01591331550075
911,2025-12-04 17:51:02.097823,1.0895206,94.92052409665865
912,2025-12-04 17:51:02.138434,0.96145093,95.19494944915446
913,2025-12-04 17:51:02.167169,1.2321676,95.0387632044249
914,2025-12-04 17:51:02.457154,1.1578864,95.04483837330552
915,2025-12-04 17:51:02.470299,1.1296132,94.44575418234574
916,2025-12-04 17:51:02.509519,0.94945085,94.11030511855647
917,2025-12-04 17:51:02.535311,0.87553495,94.15686630094754
918,2025-12-04 17:51:02.838134,1.1611536,94.02593281044567
919,2025-12-04 17:51:02.851866,1.1296377,94.06873101509724
920,2025-12-04 17:51:02.890424,0.7989158,95.6304121140681
921,2025-12-04 17:51:02.924688,1.2295572,94.67203155460851
922,2025-12-04 17:51:03.206854,0.9961517,93.8488461712835
923,2025-12-04 17:51:03.222356,1.0340197,93.79666319082378
924,2025-12-04 17:51:03.262567,1.1483657,93.74760846896677
925,2025-12-04 17:51:03.291585,0.9541327,93.9115926916625
926,2025-12-04 17:51:03.578780,0.8808298,93.83742122682142
927,2025-12-04 17:51:03.592413,0.9992621,94.67071677925375
928,2025-12-04 17:51:03.627283,1.0577502,95.42947817019541
929,2025-12-04 17:51:03.656293,0.93519837,95.38436777440269
930,2025-12-04 17:51:03.958015,0.9927448,95.54059935621345
931,2025-12-04 17:51:03.972786,0.97045445,95.41827991113932
932,2025-12-04 17:51:04.009090,1.0691679,95.2079611914585
933,2025-12-04 17:51:04.038232,1.0854378,95.11919118647141
934,2025-12-04 17:51:04.321327,1.1691971,95.10812893865894
935,2025-12-04 17:51:04.333541,0.9704145,94.598449471823
936,2025-12-04 17:51:04.372789,1.0745388,94.00412567438909
937,2025-12-04 17:51:04.402639,1.1091473,94.01632134923153
938,2025-12-04 17:51:04.704993,0.9580712,93.93494128847985
939,2025-12-04 17:51:04.717602,0.97170126,93.74946728929592
940,2025-12-04 17:51:04.754115,0.97847265,93.57918121231356
941,2025-12-04 17:51:04.784854,1.000141,93.44321530579862
942,2025-12-04 17:51:05.090320,1.0041658,93.76451920025389
943,2025-12-04 17:51:05.105033,0.9317397,93.9679920206737
944,2025-12-04 17:51:05.145940,1.035418,93.90923516344017
945,2025-12-04 17:51:05.175925,1.1248592,93.88575055537925
946,2025-12-04 17:51:05.458026,0.9672146,93.88597724078524
947,2025-12-04 17:51:05.474926,0.9762565,94.19608287618443
948,2025-12-04 17:51:05.508508,0.8498784,94.24926327243053
949,2025-12-04 17:51:05.540484,0.89659107,94.34324704175545
950,2025-12-04 17:51:05.830812,0.8678834,94.47227637484698
951,2025-12-04 17:51:05.845548,0.83287734,94.55469918846624
952,2025-12-04 17:51:05.881844,1.0308105,95.01895089994106
953,2025-12-04 17:51:05.912446,0.85575044,95.17876411116653
954,2025-12-04 17:51:06.202394,0.8410225,95.06387994740899
955,2025-12-04 17:51:06.214162,0.95202655,94.93788819875776
956,2025-12-04 17:51:06.252891,1.1228952,94.8520197669674
957,2025-12-04 17:51:06.283509,1.0256388,94.73024436686767
958,2025-12-04 17:51:06.574260,0.982059,94.58824862855329
959,2025-12-04 17:51:06.588160,1.149602,94.29101872421454
960,2025-12-04 17:51:06.625690,0.9069002,95.3519064242644
961,2025-12-04 17:51:06.654970,1.2907931,94.45699777848301
962,2025-12-04 17:51:06.944733,1.0227234,93.98871106678152
963,2025-12-04 17:51:06.959371,0.89603305,93.93421589518067
964,2025-12-04 17:51:06.994722,0.990068,93.77503740309199
965,2025-12-04 17:51:07.033671,1.0579265,93.70050324160131
966,2025-12-04 17:51:07.318822,1.1899999,93.65965453144126
967,2025-12-04 17:51:07.349732,1.0006423,93.74520560366324
968,2025-12-04 17:51:07.386435,1.023668,93.92868477127442
969,2025-12-04 17:51:07.618835,1.0773185,93.8770911728703
970,2025-12-04 17:51:07.634812,1.1038336,93.880446116879
971,2025-12-04 17:51:07.677950,0.9564399,93.9612367955751
972,2025-12-04 17:51:07.700768,0.92759216,94.05009747472458
973,2025-12-04 17:51:08.000802,1.0755228,94.04637983406629
974,2025-12-04 17:51:08.012352,1.2438351,94.06129573378065
975,2025-12-04 17:51:08.052255,1.2489492,94.46701727342794
976,2025-12-04 17:51:08.303215,1.1027735,94.35022895226005
977,2025-12-04 17:51:08.316346,1.0765508,94.31627147844222
978,2025-12-04 17:51:08.353864,1.003826,94.40812440495081
979,2025-12-04 17:51:08.383896,0.8643579,94.5737407625697
980,2025-12-04 17:51:08.688303,0.8986284,94.45681643015823
981,2025-12-04 17:51:08.706886,0.9639565,94.48270390352269
982,2025-12-04 17:51:08.742571,0.8950427,94.40422541596772
983,2025-12-04 17:51:08.771035,0.90004414,94.18121231355126
984,2025-12-04 17:51:09.057898,1.033683,94.38137552704357
985,2025-12-04 17:51:09.071611,0.9958026,94.07929455501655
986,2025-12-04 17:51:09.109377,1.1171626,93.68526998231854
987,2025-12-04 17:51:09.367152,1.2780415,93.64378655302171
988,2025-12-04 17:51:09.381347,1.2007338,93.59718003354944
989,2025-12-04 17:51:09.417596,1.1766896,93.48478940925783
990,2025-12-04 17:51:09.447796,1.0525703,93.59690801106225
991,2025-12-04 17:51:09.743575,0.9781383,93.73885841229541
992,2025-12-04 17:51:09.758545,1.0546,93.85714285714286
993,2025-12-04 17:51:09.795355,1.145682,93.90293330915355
994,2025-12-04 17:51:09.824844,1.0721047,93.97823820102462
995,2025-12-04 17:51:10.110405,1.0633547,93.87246679058802
996,2025-12-04 17:51:10.127399,0.9696304,93.95906061567756
997,2025-12-04 17:51:10.162232,1.0775385,94.105635399193
998,2025-12-04 17:51:10.192414,1.1219021,94.09071949947862
999,2025-12-04 17:51:10.486606,0.9294432,94.19118647141497
1000,2025-12-04 17:51:10.502591,0.9504168,94.38191957201795
1001,2025-12-04 17:51:10.540105,1.0729566,94.54948542412839
1002,2025-12-04 17:51:10.567778,1.0238036,94.71419504012331
1003,2025-12-04 17:51:10.854856,1.0074188,94.46769732964592
1004,2025-12-04 17:51:10.868037,1.0559037,94.34710069365734
1005,2025-12-04 17:51:10.905139,0.91009516,94.08206011696967
1006,2025-12-04 17:51:10.935487,0.92370874,93.89273246588385
1007,2025-12-04 17:51:11.291206,1.0789598,94.01001949494491
1008,2025-12-04 17:51:11.304040,0.88324285,94.02489005757809
1009,2025-12-04 17:51:11.341752,0.8670161,93.99011651629868
1010,2025-12-04 17:51:11.371632,1.0016782,94.15151652536609
1011,2025-12-04 17:51:11.681185,1.0993385,93.87033594777168
1012,2025-12-04 17:51:11.694536,0.9567602,93.84299768780886
1013,2025-12-04 17:51:11.731824,1.0274011,93.93117831074035
1014,2025-12-04 17:51:11.762418,0.8503453,94.04855601396382
1015,2025-12-04 17:51:12.061081,0.92325467,94.0142358434964
1016,2025-12-04 17:51:12.073920,1.061857,93.88792673527678
1017,2025-12-04 17:51:12.112885,0.95154804,93.94700095207871
1018,2025-12-04 17:51:12.142365,0.85074764,93.9328104456635
1019,2025-12-04 17:51:12.433535,0.94789475,93.79036133653716
1020,2025-12-04 17:51:12.448878,1.081819,93.94672892959152
1021,2025-12-04 17:51:12.485372,0.9888682,94.05848483474634
1022,2025-12-04 17:51:12.515445,1.0456712,94.23992383370359
1023,2025-12-04 17:51:12.813442,1.0325305,94.25987214943102
1024,2025-12-04 17:51:12.827358,0.98750806,94.57623430203563
1025,2025-12-04 17:51:12.863678,0.9728036,94.90928050052138
1026,2025-12-04 17:51:12.893600,1.0352863,95.03427483338622
1027,2025-12-04 17:51:13.183218,0.97959816,96.81230448383734
1028,2025-12-04 17:51:13.194767,1.2867829,95.75613184023213
1029,2025-12-04 17:51:13.236274,1.2082922,95.00856870834656
1030,2025-12-04 17:51:13.263985,1.0764021,94.96255157092986
1031,2025-12-04 17:51:13.572047,1.0575163,95.05127623883574
1032,2025-12-04 17:51:13.585421,0.9153848,94.68817155551525
1033,2025-12-04 17:51:13.623451,0.8358461,94.07571292560185
1034,2025-12-04 17:51:13.655281,1.048242,94.03323208051866
1035,2025-12-04 17:51:13.956411,0.96981436,93.77662420093394
1036,2025-12-04 17:51:13.970790,0.9716322,93.91086729836333
1037,2025-12-04 17:51:14.005563,1.0492175,93.9508546039806
1038,2025-12-04 17:51:14.036251,1.0991672,94.11361472548397
1039,2025-12-04 17:51:14.319415,1.0366122,94.05880219431474
1040,2025-12-04 17:51:14.331412,0.89745504,93.96527179580178
1041,2025-12-04 17:51:14.371748,0.98856485,93.98644421272158
1042,2025-12-04 17:51:14.402859,1.0648309,93.89522600534977
1043,2025-12-04 17:51:14.696492,0.9208743,93.77517341433558
1044,2025-12-04 17:51:14.710773,0.85261196,94.12105000680056
1045,2025-12-04 17:51:14.746734,0.8502863,94.05095887926736
1046,2025-12-04 17:51:14.775541,1.0808616,94.22577866436959
1047,2025-12-04 17:51:15.066682,1.0717881,94.39728884254431
1048,2025-12-04 17:51:15.084971,1.0829313,94.86131386861314
1049,2025-12-04 17:51:15.111047,0.9670803,95.48660289250579
1050,2025-12-04 17:51:15.148425,1.0611368,95.70902661286667
1051,2025-12-04 17:51:15.440971,1.0159292,95.68232307204062
1052,2025-12-04 17:51:15.455455,1.1611242,95.76887156004896
1053,2025-12-04 17:51:15.493446,1.3069644,95.39692614589472
1054,2025-12-04 17:51:15.521597,1.1103284,95.17468377385863
1055,2025-12-04 17:51:15.836964,0.8998403,95.11805775944144
1056,2025-12-04 17:51:15.853226,1.1538631,94.10899034320171
1057,2025-12-04 17:51:15.890163,1.0809141,93.60135104501973
1058,2025-12-04 17:51:16.130284,0.98403585,93.59808677517341
1059,2025-12-04 17:51:16.143661,0.98638046,93.78337942603255
1060,2025-12-04 17:51:16.182288,0.9541821,93.79312689849027
1061,2025-12-04 17:51:16.210796,0.91989684,93.84014145169334
1062,2025-12-04 17:51:16.504835,0.9757177,93.7639751552795
1063,2025-12-04 17:51:16.516972,0.95496583,93.66763385773224
1064,2025-12-04 17:51:16.556791,1.0269212,93.6375300358163
1065,2025-12-04 17:51:16.585308,1.0473357,93.83365824908192
1066,2025-12-04 17:51:16.882284,0.8847361,95.50609783742122
1067,2025-12-04 17:51:16.897597,1.2378663,94.34342839008025
1068,2025-12-04 17:51:16.934673,1.1525398,93.739674479757
1069,2025-12-04 17:51:16.965528,1.1014019,93.66749784648864
1070,2025-12-04 17:51:17.259783,1.2459038,93.89223375799067
1071,2025-12-04 17:51:17.273086,1.1186835,93.96708527904974
1072,2025-12-04 17:51:17.314507,0.94526106,93.84299768780886
1073,2025-12-04 17:51:17.343521,0.9488579,93.85378791313416
1074,2025-12-04 17:51:17.654651,1.0177734,93.95915128983997
1075,2025-12-04 17:51:17.708785,0.94347227,93.95380151425852
1076,2025-12-04 17:51:17.857833,0.9879403,94.35154372761481
1077,2025-12-04 17:51:17.872183,0.99021554,94.90216257877317
1078,2025-12-04 17:51:17.906380,1.0313194,95.42340300131478
1079,2025-12-04 17:51:17.937828,1.1047586,95.48098109443714
1080,2025-12-04 17:51:18.247237,1.3161113,95.31926372580133
1081,2025-12-04 17:51:18.260124,1.1577666,95.34329237883665
1082,2025-12-04 17:51:18.309229,1.158773,95.48057306070635
1083,2025-12-04 17:51:18.331062,0.9933979,95.3694065376071
1084,2025-12-04 17:51:18.627451,1.0693152,95.35934170558099
1085,2025-12-04 17:51:18.641634,1.2592292,95.52949177131977
1086,2025-12-04 17:51:18.679544,1.2112333,95.62828127125175
1087,2025-12-04 17:51:18.709657,1.056859,95.63344969850841
1088,2025-12-04 17:51:18.995349,0.95760125,95.46910277916308
1089,2025-12-04 17:51:19.007388,0.9672254,95.18257242598722
1090,2025-12-04 17:51:19.045520,1.2068508,95.06020764383189
1091,2025-12-04 17:51:19.075488,1.1814356,95.04234483383959
1092,2025-12-04 17:51:19.367753,1.1255773,94.93389853561227
1093,2025-12-04 17:51:19.381181,1.3188509,94.98050505508455
1094,2025-12-04 17:51:19.417034,1.2036389,94.99773314594006
1095,2025-12-04 17:51:19.448973,1.0797693,94.79353493222106
1096,2025-12-04 17:51:19.742021,1.0393028,94.82622296776533
1097,2025-12-04 17:51:19.756135,1.1780522,94.74824318810354
1098,2025-12-04 17:51:19.788483,0.85104305,96.03599764247178
1099,2025-12-04 17:51:19.821665,1.0059415,95.16883529038401
1100,2025-12-04 17:51:20.113509,0.96473545,94.83012195674843
1101,2025-12-04 17:51:20.127440,0.9883516,94.95742848075442
1102,2025-12-04 17:51:20.166727,0.95837647,95.11878315274063
1103,2025-12-04 17:51:20.193649,1.0439166,94.95620437956204
